EmployeeID,Name,Age,Salary,Department,Email,JoinDate,City
1057,Amy Gonzalez,35,38289,Unknown,eric24@example.org,2024-01-16,Delhi
1047,Jasmine Davis,50,93563,Unknown,oarmstrong@example.org,2018-09-07,Mumbai
1003,James Ross,28,64597,IT,jasonjohnson@example.org,2019-02-14,Delhi
1194,Kristen Shaw,40,25695,Unknown,brittanywong@example.org,2021-01-15,Delhi
1282,Laura Cunningham,58,67400,HR,Not Available,2018-03-14,Mumbai
1040,Scott Armstrong,24,79429,Finance,christopher77@example.org,2026-04-20,Bangalore
1136,Lucas James,59,103227,IT,cartermatthew@example.net,2025-02-03,Bangalore
1285,Lydia Mcdaniel,38,27331,HR,christianchristina@example.com,2024-09-27,Delhi
1108,Traci Anderson,54,61245,Sales,zachary36@example.net,2016-09-08,Mumbai
1073,Jay Singh,33,90644,Finance,wagnerpamela@example.com,2021-01-27,Delhi
1070,Sabrina Cox,23,34371,Human Resources,oweber@example.com,2017-11-14,Delhi
1197,Mary Byrd,47,92512,HR,burgesscarolyn@example.net,2025-04-29,Bangalore
1256,Donna Romero,50,101959,Unknown,charlesphillips@example.net,2022-09-08,Unknown
1082,Penny Willis,51,98504,HR,smason@example.org,2017-02-06,Unknown
1157,Valerie Woods Phd,33,30322,Sales,edwardssamuel@example.net,2024-01-02,Bangalore
1064,Dalton Duncan,48,41643,Finance,martingeorge@example.net,2022-07-31,Unknown
1102,Julie White,43,105180,Unknown,ashley44@example.com,2016-09-30,Delhi
1169,Alyssa Hernandez,33,83624,Human Resources,ubrooks@example.net,2018-05-02,Bangalore
1242,Kelsey Mcintosh,48,44957,Finance,xmiller@example.com,2026-04-20,Unknown
1027,Nicole Wheeler,59,72772,HR,jenkinsandrea@example.com,2019-01-27,Mumbai
1071,Suzanne Schmidt,35,29880,Unknown,adrian00@example.net,2018-06-25,Bangalore
1007,Terry Brown,33,83653,Finance,shawn59@example.net,2022-07-05,Delhi
1199,Edwin Ramos,47,111303,Unknown,wongjeffrey@example.net,2018-06-16,Delhi
1151,Alice Velez,21,91066,Finance,cynthiawu@example.org,2023-05-27,Bangalore
1271,Shane Martin,50,44356,HR,anthonyking@example.net,2019-04-29,Delhi
1291,Brian Evans,56,30745,Unknown,flee@example.com,2020-06-06,Bangalore
1160,Elizabeth Lane,43,104607,Finance,matthew33@example.org,2018-01-14,Delhi
1234,Megan Gutierrez,54,29602,Unknown,taylorjustin@example.org,2021-01-11,Delhi
1125,Kimberly Curtis,28,91200,Unknown,Not Available,2018-03-30,Mumbai
1053,Kristi Brady,26,34029,Human Resources,christophergregory@example.net,2020-01-10,Bangalore
1175,Logan Young,58,86244,HR,florespatrick@example.net,2023-07-01,Mumbai
1022,Alexander Krueger,26,54335,Sales,xlewis@example.net,2023-01-05,Delhi
1020,Kristine Parker,31,107416,Unknown,charleslewis@example.net,2024-12-10,Bangalore
1079,Ian Gibbs,33,43206,HR,leekristine@example.net,2016-07-17,Unknown
1210,Wendy Saunders,33,111917,HR,todd92@example.com,2020-06-12,Unknown
1235,Mary Walsh,32,106511,Finance,nataliemccormick@example.net,2022-04-22,Unknown
1142,Jason Moore,50,90282,HR,osnow@example.net,2023-10-31,Delhi
1297,Jared Stark,34,98193,Finance,timothy13@example.net,2017-08-08,Delhi
1100,Veronica Smith,22,63279,HR,frankrobinson@example.org,2018-06-27,Mumbai
1209,David Carroll,36,45144,Finance,jessica70@example.com,2024-11-18,Bangalore
1238,Gregory Richardson,31,116463,HR,parkercraig@example.org,2017-06-10,Bangalore
1171,Jennifer Smith,33,49444,Human Resources,Not Available,2024-03-23,Mumbai
1037,Patrick Jimenez,58,114155,Sales,michaelblair@example.com,2022-06-20,Bangalore
1002,Kathleen Huff,24,48683,Unknown,thicks@example.org,2019-09-28,Unknown
1062,Todd Chavez,47,93259,Sales,vprice@example.com,2017-01-27,Bangalore
1218,Gina Olson,53,40861,Sales,petersenteresa@example.com,2017-03-11,Unknown
1141,Manuel Williamson,51,51358,HR,josephhoward@example.com,2017-01-27,Mumbai
1163,Jacob Wright,23,50311,Human Resources,btate@example.org,2022-12-02,Mumbai
1244,Tamara Cook,40,71116,Finance,grosstami@example.com,2017-08-30,Unknown
1112,Tiffany Cook,35,23804,Finance,abright@example.org,2022-01-02,Delhi
1133,Jose Parker,31,64236,Finance,jacksonkimberly@example.net,2026-04-03,Mumbai
1111,Leslie Blackwell,34,41992,HR,robertsandrew@example.net,2016-11-25,Mumbai
1055,Eric Strickland,37,69192,IT,micheal75@example.net,2022-07-07,Bangalore
1124,Nathaniel Flores,37,98697,HR,elliottbradley@example.org,2026-04-26,Mumbai
1078,Michael Luna,51,55400,Unknown,zacharyhowell@example.com,2024-09-30,Unknown
1137,Brittany Dudley,33,31359,Sales,howardjames@example.org,2016-12-14,Bangalore
1243,Gregory Lawson,49,22260,IT,wilsonrebecca@example.net,2024-06-02,Bangalore
1156,Ann Ray,25,61359,Unknown,bfox@example.org,2025-02-28,Delhi
1110,Robert Miller,35,119641,IT,phillipsbarbara@example.net,2019-03-26,Mumbai
1251,Benjamin Atkins,18,81524,Finance,rossmartha@example.net,2017-06-13,Unknown
1043,Jessica Knapp,25,74548,IT,rayerin@example.net,2021-06-30,Mumbai
1152,Tiffany Davis,45,101399,HR,paulamckenzie@example.net,2024-05-20,Delhi
1135,Sandra Lopez,28,92350,HR,doughertyshannon@example.net,2019-06-25,Mumbai
1149,Ashley Kelly,36,112141,HR,deanna31@example.com,2021-02-26,Unknown
1101,Nathan Wilson,52,39528,Human Resources,gregorymiller@example.com,2019-07-05,Mumbai
1224,Mikayla Jones,20,116276,IT,Not Available,2026-03-30,Bangalore
1294,Julie Morales,19,108117,HR,johnnytaylor@example.net,2019-12-20,Bangalore
1226,Melanie Richardson,29,77132,Sales,claudia69@example.org,2016-11-21,Mumbai
1170,Angelica Thomas,24,63228,Sales,qmorgan@example.com,2025-12-13,Unknown
1281,Elizabeth Boyd,23,62372,Finance,byrdmaria@example.org,2019-10-16,Delhi
1277,Patrick Ferrell,21,67419,Sales,ashleyduran@example.com,2019-12-02,Delhi
1081,Michael Levy,18,32217,HR,sarah11@example.net,2024-07-23,Unknown
1074,Jonathan Lopez,56,37892,IT,weekschristopher@example.org,2017-12-19,Mumbai
1259,Tammie Martin,18,59132,Sales,richardspaige@example.com,2018-03-28,Mumbai
1176,Danielle Ferguson,52,62176,IT,gjohnson@example.org,2024-02-17,Unknown
1240,Ronald Brady,34,110794,HR,barrsabrina@example.org,2017-01-11,Unknown
1273,Samantha Carlson,38,119536,Unknown,Not Available,2025-02-06,Bangalore
1147,Erin Smith,23,32903,HR,ronald71@example.org,2020-01-08,Delhi
1023,Marcus Martinez,21,69131,IT,bradleybriggs@example.com,2018-05-09,Unknown
1092,Crystal Flores,23,70140,IT,michellefields@example.com,2020-02-01,Delhi
1236,Mrs. Barbara Chandler,47,21231,Sales,wujeffrey@example.com,2022-09-18,Delhi
1202,Natasha Cox,54,117605,Sales,robert15@example.org,2025-06-19,Unknown
1117,Vanessa Dennis,40,44920,Human Resources,vanessa31@example.com,2020-10-27,Bangalore
1089,Vincent Sparks,52,67953,IT,emilywilson@example.com,2016-08-14,Unknown
1246,Scott Ramos Md,36,64396,Sales,jason19@example.org,2020-08-14,Delhi
1134,Michael Martin,58,34201,Sales,Not Available,2024-08-05,Bangalore
1167,Rachel Morales,32,103283,IT,ramossherri@example.org,2024-09-07,Delhi
1019,Mr. Gordon Williams,49,50775,Human Resources,natalie15@example.com,2025-06-09,Bangalore
1276,James Alvarado,27,105841,Sales,fdunn@example.com,2020-01-02,Mumbai
1016,Ellen Gray,31,50947,HR,heather61@example.net,2016-09-25,Bangalore
1183,Stephanie Bowman,35,36011,Sales,ashley20@example.com,2018-11-24,Bangalore
1010,Taylor Sherman,39,36505,IT,smeyer@example.com,2019-10-09,Delhi
1300,Kyle Edwards,32,39340,HR,nicholsaaron@example.net,2024-09-15,Delhi
1008,Jamie Santos,21,75176,HR,lesparza@example.org,2020-08-13,Bangalore
1031,Michele Garner,43,34150,Sales,fitzgeraldevelyn@example.com,2025-10-30,Bangalore
1075,Patrick Weaver Dds,35,96724,Finance,deborah09@example.org,2020-07-13,Mumbai
1232,David Nolan,45,111983,Unknown,cookehannah@example.org,2025-10-08,Mumbai
1116,Amanda Cohen,47,115631,Finance,frank47@example.org,2024-02-18,Delhi
1287,Kyle Martin,60,66346,Finance,matthew55@example.net,2019-10-08,Mumbai
1159,Matthew Mercado,54,40280,IT,james85@example.com,2024-11-29,Bangalore
1188,Jacob Baker,35,76244,Unknown,Not Available,2019-03-02,Unknown
1205,Tara Hobbs,58,32026,IT,santiagolaura@example.com,2022-05-27,Delhi
1189,Luis Bennett,38,94395,HR,ambercallahan@example.net,2023-02-09,Delhi
1041,Joseph Potter,60,99570,IT,jason17@example.org,2025-03-22,Mumbai
1220,Joseph Anderson,55,107442,IT,ckennedy@example.com,2022-11-12,Delhi
1104,Garrett Burns,31,53491,HR,Not Available,2021-07-22,Delhi
1066,Courtney Dorsey,32,107562,HR,wcook@example.com,2021-12-07,Mumbai
1009,Henry Brown,22,95465,Finance,mford@example.org,2019-06-27,Delhi
1207,Deborah Hurley,38,101018,Finance,david73@example.net,2021-11-21,Delhi
1223,Christine Dean,51,60668,IT,clarkcharles@example.com,2020-09-01,Bangalore
1058,Jennifer Beck,30,65793,Human Resources,briannaoconnell@example.org,2017-06-02,Delhi
1088,Valerie Andrews,59,102306,Sales,alee@example.org,2021-04-03,Bangalore
1165,Ricky Graham,58,77640,Sales,dyerdouglas@example.org,2020-02-03,Bangalore
1028,Nicole Hicks,22,79233,Finance,imoore@example.com,2020-03-22,Unknown
1046,Eddie Hanson,50,96064,HR,kimberly71@example.net,2020-12-23,Bangalore
1096,Katherine Keith,48,28109,Finance,bradley59@example.com,2023-04-01,Bangalore
1145,Brittany Padilla,60,98997,Finance,nicoleharris@example.net,2022-11-28,Mumbai
1158,Michele Andrews,60,97993,HR,reynoldssamantha@example.com,2024-05-23,Unknown
1168,Paul Smith,60,116832,Unknown,thomas76@example.com,2024-12-05,Bangalore
1185,Adam Sheppard,37,48074,Sales,antoniowilliams@example.org,2019-06-04,Delhi
1039,Cody Little,24,90748,Unknown,Not Available,2022-08-12,Unknown
1067,Justin Cruz,27,110812,Human Resources,gromero@example.org,2019-12-16,Mumbai
1121,Drew Trujillo,57,118112,IT,kempemily@example.org,2022-02-07,Unknown
1270,Russell Ramirez,28,99254,IT,patriciamitchell@example.com,2025-01-31,Mumbai
1283,Anthony Romero,51,57363,Human Resources,michelle22@example.com,2019-06-22,Delhi
1076,John Cohen,56,34573,IT,rodgersmarco@example.net,2020-02-24,Mumbai
1180,Cathy Wright,44,107584,Finance,brownwayne@example.org,2018-02-17,Bangalore
1034,Joseph Martin Md,60,96271,Finance,guerrerobeth@example.net,2026-02-13,Mumbai
1018,Tiffany Porter,20,25492,IT,lisa31@example.com,2020-03-27,Bangalore
1265,Lisa Pace,23,30345,Human Resources,wrobinson@example.net,2021-02-07,Delhi
1187,Kimberly Macdonald,54,40111,Finance,hunthayden@example.net,2018-04-28,Bangalore
1198,Stacy Lewis,25,54116,IT,tristanbrown@example.com,2016-12-19,Mumbai
1177,Marvin Vaughn,53,59315,Human Resources,thomaskirby@example.org,2016-12-13,Delhi
1044,Zachary Clay,43,114223,Finance,cjohnson@example.org,2025-03-20,Delhi
1115,Sheila Mendoza,51,30336,Unknown,catherine21@example.com,2025-01-03,Bangalore
1014,Gregg Harris,59,54688,Finance,smoses@example.com,2023-10-23,Bangalore
1279,Angela Young,37,109783,Sales,brandonortiz@example.com,2024-10-18,Mumbai
1212,Samantha George,31,38830,Finance,wgarcia@example.com,2024-03-26,Mumbai
1025,Dr. Bryan Mccormick,42,74805,Human Resources,karenschwartz@example.com,2020-09-06,Bangalore
1258,Brad Case,33,66254,IT,kimmichael@example.net,2016-09-09,Bangalore
1143,Christine Cisneros,57,35572,HR,reynoldsalison@example.org,2023-01-18,Mumbai
1056,Traci Lee,55,115069,HR,heidi63@example.com,2022-07-31,Bangalore
1296,Erin Reed,21,42349,Finance,qwright@example.com,2022-12-07,Delhi
1293,Lori Soto,25,77807,Human Resources,wdaniel@example.com,2017-12-15,Bangalore
1241,Mrs. Latasha Aguilar Md,21,87984,Finance,rwright@example.org,2020-09-03,Mumbai
1178,Monica Holland,35,95166,Finance,zcook@example.com,2021-10-30,Mumbai
1103,James Foster,35,111248,HR,brandonmoore@example.org,2016-10-16,Delhi
1164,Patrick Garcia,21,31725,IT,nguyenzachary@example.net,2023-06-13,Delhi
1148,Katie Durham,18,99007,Finance,alyssapena@example.com,2018-07-25,Bangalore
1268,Wendy Garrett,26,81344,HR,nelsonsusan@example.org,2017-01-26,Bangalore
1131,Travis Hayden,18,58669,IT,jerryrice@example.org,2016-10-07,Mumbai
1275,Jeremy Jones,31,109173,HR,gabrielevans@example.org,2023-12-16,Mumbai
1266,Michael Paul,31,84071,Unknown,mackjose@example.com,2023-11-15,Delhi
1262,Michael Williams,54,80604,IT,mroberts@example.com,2025-10-09,Unknown
1001,Jason Russell,55,75534,HR,victoriacalhoun@example.com,2023-02-05,Delhi
1193,Jennifer Mercado,60,37431,Finance,sjohnson@example.net,2024-05-06,Mumbai
1119,Sharon Payne,21,57914,Finance,martinamy@example.net,2017-03-15,Unknown
1237,Alisha Shelton,53,74592,Human Resources,theodore69@example.com,2022-02-04,Mumbai
1155,Aaron Mercado,18,44906,HR,morganlaura@example.net,2025-03-16,Delhi
1030,Margaret Sanchez,22,107584,HR,kcraig@example.net,2019-09-30,Delhi
1181,Jeffrey Blackburn,43,73218,IT,oadkins@example.net,2020-06-01,Bangalore
1087,Stephanie Sanchez,45,63420,HR,gail08@example.org,2025-02-25,Delhi
1123,Victoria Phillips,42,90852,Human Resources,qjohnson@example.org,2021-09-24,Delhi
1299,Denise Perez,23,58715,HR,james83@example.com,2025-11-20,Bangalore
1166,Ashley Mckay,18,70829,Unknown,debbie80@example.com,2019-01-04,Bangalore
1215,Maria Johnston,22,52321,Sales,taylorcheryl@example.org,2019-05-07,Delhi
1069,Brittany Patel,43,101289,Finance,michaelkim@example.org,2019-05-08,Unknown
1035,Laura Carney,44,38242,IT,ericnguyen@example.net,2024-02-17,Mumbai
1274,Jason Myers,23,52536,Finance,floresmiranda@example.org,2017-03-27,Bangalore
1204,Samuel Mays,39,76420,HR,bstrickland@example.com,2023-11-02,Bangalore
1247,Douglas Jones,24,111326,HR,garrett36@example.com,2025-08-05,Delhi
1011,Donna Hurst,59,41542,IT,cameroncherry@example.org,2022-03-25,Mumbai
1286,Lynn Crosby,47,73090,Human Resources,elliscameron@example.com,2018-10-24,Delhi
1295,Jennifer Anderson,52,62727,HR,josephpaul@example.org,2019-08-26,Bangalore
1072,John Daugherty,44,95340,Human Resources,daviskathy@example.org,2025-11-28,Bangalore
1248,Kelli Leon,42,86248,Finance,avelez@example.org,2026-06-14,Unknown
1227,Nicole Benitez,23,119753,HR,vbecker@example.com,2024-02-08,Delhi
1126,Morgan Riley,20,65688,HR,stevedean@example.org,2017-12-11,Unknown
1105,Gregory Wall,54,56842,Human Resources,malvarez@example.org,2018-02-05,Mumbai
1201,Alexis Kim,54,102288,Sales,darrell18@example.org,2026-02-21,Unknown
1190,Kevin Ramirez,59,71949,IT,eric58@example.net,2021-04-25,Delhi
1000,Peter Adams,22,49647,Sales,Not Available,2016-07-05,Unknown
1061,Bryan Woodward,45,82613,Finance,carradrian@example.org,2017-12-22,Delhi
1084,Daniel Weaver,31,39840,Sales,perezwendy@example.net,2019-09-05,Delhi
1253,Donna Guzman,33,97847,HR,michaelwarner@example.org,2020-10-18,Delhi
1122,Cassandra Gilbert,23,35202,HR,katherine15@example.net,2023-08-25,Bangalore
1219,Penny Frey,22,95582,Sales,josephwilliamson@example.net,2023-09-23,Mumbai
1290,Mark Soto,28,33487,HR,nespinoza@example.com,2024-05-08,Delhi
1006,Karen Smith,48,39671,HR,cory16@example.net,2026-03-07,Bangalore
1214,Julie French,33,114409,HR,david28@example.org,2023-06-11,Bangalore
1026,Michele Warren,51,72550,Sales,osbornesteven@example.com,2025-08-10,Mumbai
1252,Sherri Leonard,30,91638,IT,jeremymack@example.com,2022-02-03,Delhi
1048,Daniel Macdonald,58,29808,HR,cooklisa@example.net,2016-08-16,Delhi
1106,Jessica Weiss,47,35717,IT,savageerika@example.com,2024-11-11,Delhi
1052,Harold Munoz,26,28083,IT,catherine14@example.org,2019-01-06,Mumbai
1195,Kevin Morris,29,44530,Sales,crystal99@example.net,2024-03-19,Bangalore
1269,Gail Jackson,52,70134,Finance,ghart@example.org,2023-05-24,Mumbai
1289,Megan Griffith,42,23416,IT,Not Available,2022-06-22,Mumbai
1029,James Smith,48,96544,Human Resources,michael30@example.net,2021-03-11,Mumbai
1288,Lindsay Pearson,30,84517,Human Resources,hannahrojas@example.com,2019-08-09,Delhi
1162,Willie Martinez,53,100440,IT,heather99@example.com,2021-05-12,Mumbai
1017,Michael Washington,38,33726,Human Resources,ocopeland@example.org,2016-07-17,Delhi
1280,Thomas Mitchell,23,100431,HR,anthony74@example.com,2017-07-16,Bangalore
1222,Christopher Williams,24,44901,Unknown,jacobwong@example.com,2021-09-04,Mumbai
1144,Jennifer Calhoun,24,94943,Sales,davisjulia@example.com,2021-06-20,Mumbai
1085,Kelly Johnson,30,75492,Finance,ramirezmaria@example.com,2019-06-28,Delhi
1132,Darren Higgins,22,92923,Finance,aoconnor@example.net,2025-07-15,Unknown
1051,Jerry Welch,54,57498,Finance,brent57@example.com,2019-08-21,Bangalore
1050,Terry Zimmerman,32,117481,Finance,ivan03@example.com,2016-11-19,Bangalore
1045,Michael Fuentes,31,73368,Unknown,agray@example.com,2021-09-06,Bangalore
1063,Ryan Flores,33,97862,Sales,kdaniels@example.net,2018-04-03,Delhi
1013,Christina Green Dds,36,74862,HR,chadclark@example.net,2023-12-17,Unknown
1097,Michael Cruz,32,103665,Finance,joshua71@example.net,2016-12-11,Unknown
1140,Jamie Camacho,28,40766,HR,elliottkristin@example.net,2017-04-19,Mumbai
1206,Samantha Crawford Md,48,24944,Finance,gomezshane@example.com,2018-09-01,Unknown
1068,Tiffany Gutierrez,49,44697,Finance,Not Available,2023-08-22,Delhi
1118,John Ortiz,36,26564,Human Resources,cmcdonald@example.net,2023-07-01,Mumbai
1225,Peter Johnson,34,21620,Unknown,xmiller@example.org,2016-08-15,Bangalore
1114,Karen Sanders,60,88039,HR,robert84@example.net,2023-04-01,Mumbai
1090,Mr. Jeremy Wong,29,36827,Finance,rachaelblackwell@example.com,2023-09-20,Bangalore
1127,Joseph Parker,39,79355,Human Resources,angelasolis@example.org,2020-04-13,Bangalore
1059,Misty Garcia,53,94794,Finance,beth50@example.net,2018-09-24,Bangalore
1146,Dana Jensen,45,88515,Finance,angela74@example.net,2023-09-27,Delhi
1261,Courtney Dennis,36,26157,Finance,johnsonmargaret@example.net,2023-08-14,Bangalore
1038,Joan Jordan Dds,29,35643,Finance,rosaleskenneth@example.net,2017-11-13,Delhi
1154,Destiny Sharp,54,29552,Finance,jamie82@example.net,2019-11-09,Bangalore
1263,Sharon Waller,46,58854,IT,tlopez@example.com,2021-06-22,Delhi
1182,Stacy Schultz,59,57373,IT,tonya78@example.net,2023-10-21,Bangalore
1113,Dr. David Moore,59,67118,Finance,alyssa20@example.com,2019-05-10,Mumbai
1200,Bethany Ingram,55,58141,Unknown,davidvalencia@example.org,2021-11-19,Bangalore
1005,Angela Maynard,57,119248,Sales,rrogers@example.net,2023-01-03,Bangalore
1021,Alicia Sanchez,51,67349,Sales,tgomez@example.org,2018-12-08,Bangalore
1298,William Henry,29,86952,Finance,fisherkenneth@example.com,2020-02-22,Delhi
1049,Ethan Williams,57,89655,HR,wcummings@example.org,2018-06-12,Bangalore
1211,Zachary Flores,51,111857,IT,kwatson@example.com,2019-01-16,Bangalore
1255,Sara Dominguez,33,54787,IT,woodsmichael@example.com,2018-11-04,Mumbai
1107,Kenneth Baker,24,100318,Human Resources,robertmurray@example.net,2020-02-09,Mumbai
1264,Samantha Fitzpatrick,38,59326,HR,teresa49@example.com,2018-05-22,Delhi
1036,Steven Huber,39,61533,IT,melanie13@example.net,2021-07-08,Mumbai
1239,Regina Hicks,52,91898,Unknown,billydecker@example.net,2025-03-09,Bangalore
1216,Phillip Alvarado,51,100375,IT,simmonsmichael@example.org,2019-12-17,Unknown
1173,Jacob Mendez,58,66598,Unknown,stantonsandra@example.org,2025-10-25,Delhi
1128,Anthony Torres,49,93272,Sales,drakejoseph@example.com,2022-05-15,Mumbai
1186,Gina Carey,33,28302,Unknown,johnmartin@example.net,2020-03-24,Bangalore
1254,Melinda Williams,27,62283,Finance,christopher81@example.net,2024-09-06,Delhi
1161,Karina Morgan,38,74046,Finance,russellstout@example.net,2025-12-31,Delhi
1249,Joshua Weber,54,100739,Unknown,iphillips@example.com,2019-11-12,Unknown
1012,Steven Russell,28,100769,Sales,ybrooks@example.org,2019-01-27,Unknown
1080,Madison Hamilton,40,59626,Unknown,elizabethyork@example.com,2020-11-11,Mumbai
1060,John Stevenson,27,61771,Finance,matthew83@example.com,2021-06-26,Bangalore
1191,Abigail Donovan,42,38024,IT,Not Available,2025-05-24,Delhi
1138,Brenda Jimenez,32,46585,HR,williamssusan@example.net,2019-01-22,Mumbai
1250,Brandy Gilbert,47,76040,HR,samanthahoward@example.net,2021-02-12,Bangalore
1083,Debbie Farmer,25,112566,Finance,mhampton@example.com,2025-09-13,Bangalore
1184,Emily Pace,23,62312,Finance,alexis29@example.org,2021-03-11,Unknown
1015,Cynthia Anderson,42,41753,Finance,janet18@example.com,2018-04-26,Unknown
1228,Ryan Warner,37,45971,Unknown,courtney07@example.org,2017-06-07,Unknown
1174,Carl Huang,55,77062,Finance,martin94@example.org,2019-05-03,Bangalore
1272,Rachael Foster,57,45646,Finance,kellyholloway@example.net,2019-09-02,Bangalore
1065,Nathaniel Lee,21,91943,HR,kevincole@example.org,2022-10-24,Mumbai
1150,Margaret Boyd,20,98333,IT,brent28@example.com,2023-09-25,Delhi
1221,Sheila Caldwell,59,63904,HR,odomamanda@example.net,2022-08-27,Mumbai
1196,Daniel Shea,37,33994,Finance,joseph66@example.com,2018-09-02,Mumbai
1054,Jose Robles,56,48910,IT,bowmanraymond@example.org,2025-08-18,Bangalore
1032,Maria Rhodes,27,42026,Unknown,iluna@example.org,2023-04-23,Bangalore
1098,Dr. Anthony Mclean,51,101123,Unknown,fsharp@example.net,2025-03-27,Bangalore
1192,Tammy Vargas,22,83492,Finance,matthewgonzalez@example.com,2024-04-23,Mumbai
1091,Crystal Sullivan,26,45448,IT,jessicawhite@example.net,2021-02-15,Bangalore
1267,Bruce Weaver,31,80655,Finance,kristenolson@example.net,2021-11-17,Mumbai
1213,Anthony Levy,59,35644,Sales,jonathanrowe@example.com,2021-10-06,Bangalore
1245,Mindy Adkins,41,77925,Unknown,zacharyfigueroa@example.org,2026-01-05,Bangalore
1217,John Berry,25,83472,HR,gutierrezjoshua@example.org,2024-05-22,Bangalore
1139,Melissa Campbell,59,66674,Finance,johnsonmegan@example.com,2025-01-09,Delhi
1033,Jon Strickland,25,22583,HR,grayjacob@example.org,2025-06-02,Bangalore
1153,William Johnson,44,28444,Finance,samantha37@example.net,2022-10-27,Delhi
1129,Jacob Larson,37,111831,HR,ochoajohn@example.org,2021-03-03,Mumbai
1086,William Jones,57,54099,Finance,tlee@example.org,2025-01-27,Delhi
1284,Deanna Alvarez Phd,60,77670,Human Resources,brandonwright@example.com,2024-01-30,Mumbai
1230,Lawrence Stone,34,44535,HR,gonzalezlinda@example.org,2021-08-02,Unknown
1004,Michael Coleman,51,39249,Sales,xlopez@example.org,2018-08-30,Bangalore
1231,Ryan Hicks,42,114376,Human Resources,taylorkyle@example.net,2019-06-04,Mumbai
1229,Christine Alexander,43,30722,HR,elove@example.org,2018-01-12,Bangalore
1260,Laura Wright,49,30670,HR,clarkebrandon@example.com,2023-08-17,Bangalore
1120,Kathleen Kelly,37,69425,Finance,jeremy68@example.org,2025-04-29,Unknown
1278,Amy Stevenson,18,56942,Finance,mollyhoward@example.net,2020-11-06,Unknown
1099,Rebecca Coleman,18,112943,Finance,mmaxwell@example.com,2017-12-07,Mumbai
1093,Jason Garza,18,84440,IT,sean82@example.org,2022-04-10,Delhi
1208,Oscar Johnson,58,63714,Human Resources,destiny89@example.net,2017-06-08,Delhi
1203,Stacy Thomas,52,29828,Unknown,brandonmckinney@example.org,2018-09-04,Mumbai
1257,Nicole Taylor,51,48879,IT,rsmith@example.com,2017-04-01,Delhi
1094,Andrew Price,23,76168,IT,brandon84@example.net,2024-05-25,Mumbai
1179,Jennifer Hamilton,47,104523,Finance,Not Available,2024-10-03,Delhi
1292,Mark Russell,26,103160,Finance,andrewdavidson@example.net,2023-07-10,Delhi
1024,Amber Hopkins,22,110167,Finance,jason77@example.net,2024-12-22,Delhi
1042,Tiffany Ramirez,33,116373,HR,danielle98@example.org,2018-11-10,Delhi
1172,Roy Parker,20,67408,IT,valeriereynolds@example.org,2020-04-29,Bangalore
